variable,year,month,status,file,key
pm25,2003,1,ready,/home/paulo/Documentos/meus_codigos/cams/cams-global-air-quality/data/processed/eac4/monthly/pm25/2003/01_87db452ca5ea_26a0752ad11cffde.nc,87db452ca5ea5329e3bedfcbec3d4bb67ba431efe403ddffb4aec3c1124ed5ec
co,2003,1,ready,/home/paulo/Documentos/meus_codigos/cams/cams-global-air-quality/data/processed/eac4/monthly/co/2003/01_4e79bce714a8_b53b1f7aec4d6c82.nc,4e79bce714a8e6afba25ccd3415d6ba14b43687efb90a1a429c048d4b43f5331
no2,2003,1,ready,/home/paulo/Documentos/meus_codigos/cams/cams-global-air-quality/data/processed/eac4/monthly/no2/2003/01_06414146cbce_68b5c2c04ead3e18.nc,06414146cbcef0344d74fa1c800448d010c1fb989fce5e7f6a092ea063c756c8
pm10,2003,1,ready,/home/paulo/Documentos/meus_codigos/cams/cams-global-air-quality/data/processed/eac4/monthly/pm10/2003/01_1ec4c8f27fa1_93fd98aef467e643.nc,1ec4c8f27fa15ec5ed1d12d28b055051d6266386db9cdc7a470be30e144f335a
o3,2003,1,ready,/home/paulo/Documentos/meus_codigos/cams/cams-global-air-quality/data/processed/eac4/monthly/o3/2003/01_b41272da3bc2_b6014c96a9cb24fa.nc,b41272da3bc2a33f11cb1b4737f0bb11976222ca0d8de012142313c5ae11de9a
so2,2003,1,ready,/home/paulo/Documentos/meus_codigos/cams/cams-global-air-quality/data/processed/eac4/monthly/so2/2003/01_ddbeb6d31828_1c907ab3167af428.nc,ddbeb6d318281eebe158f123e9ac6ef5905e4f9660953a853c6f715654cb3787
co,2003,2,ready,/home/paulo/Documentos/meus_codigos/cams/cams-global-air-quality/data/processed/eac4/monthly/co/2003/02_a4b1518b7ce3_4123f0e8c1f62e3a.nc,a4b1518b7ce31f381df45243346799a37cc291b0c29ad7646d2df772b835135a
no2,2003,2,ready,/home/paulo/Documentos/meus_codigos/cams/cams-global-air-quality/data/processed/eac4/monthly/no2/2003/02_55d8a6a885dc_cd38c4672e2fb097.nc,55d8a6a885dc9f8c456bc3bf8f1c82bb53dad6d4a89a89ee2074f07a3bf2810b
o3,2003,2,ready,/home/paulo/Documentos/meus_codigos/cams/cams-global-air-quality/data/processed/eac4/monthly/o3/2003/02_5855da094c8e_cab5ef228340b6b5.nc,5855da094c8e1016d4c432759312575e43ddc15c938ef2cfa67d82eb5962e96c
pm10,2003,2,ready,/home/paulo/Documentos/meus_codigos/cams/cams-global-air-quality/data/processed/eac4/monthly/pm10/2003/02_1f7c5a010b27_8e65fab9519f6475.nc,1f7c5a010b27bea47ffb132ca60fad3a26dc80d3ceda1c97fee165f55bf275d0
pm25,2003,2,ready,/home/paulo/Documentos/meus_codigos/cams/cams-global-air-quality/data/processed/eac4/monthly/pm25/2003/02_4756338c3356_3736d7f5c3d34a1e.nc,4756338c3356467bccfed93232b5940d0fb3fabb1f37be882ab73306aa292a55
so2,2003,2,ready,/home/paulo/Documentos/meus_codigos/cams/cams-global-air-quality/data/processed/eac4/monthly/so2/2003/02_aee0eed58121_1ccf1a3628280ee0.nc,aee0eed5812192c855eed3bb13eabd96c057ad5a3ac830fd37a18e052e939141
co,2003,3,ready,/home/paulo/Documentos/meus_codigos/cams/cams-global-air-quality/data/processed/eac4/monthly/co/2003/03_70de086d0076_f6b637e55a392f05.nc,70de086d0076aab245f97c929d16b043461206f8dbda14464842c2cb15c9c741
no2,2003,3,ready,/home/paulo/Documentos/meus_codigos/cams/cams-global-air-quality/data/processed/eac4/monthly/no2/2003/03_2c8d1d669838_b9f4084dd916ac1b.nc,2c8d1d6698388a398563919c81002845b5812bae7748a039ccb61ab71fade881
o3,2003,3,ready,/home/paulo/Documentos/meus_codigos/cams/cams-global-air-quality/data/processed/eac4/monthly/o3/2003/03_0dd64d5697ce_4a4f2542768a30e4.nc,0dd64d5697ce9562fac1c4ff7b2a45ff86cab8202daf45838fbf984fa6938921
pm10,2003,3,ready,/home/paulo/Documentos/meus_codigos/cams/cams-global-air-quality/data/processed/eac4/monthly/pm10/2003/03_857a4d53aad1_355f2f2d8d29da54.nc,857a4d53aad1a942f2a5a904bc6af5daf2a4290fd8ab515187b8fe8c9814ff93
pm25,2003,3,ready,/home/paulo/Documentos/meus_codigos/cams/cams-global-air-quality/data/processed/eac4/monthly/pm25/2003/03_80ff78968524_690973a1effbb466.nc,80ff789685243cab5c9d38d078d3c5346b36c481635422cdc2c3742c3b7121eb
so2,2003,3,ready,/home/paulo/Documentos/meus_codigos/cams/cams-global-air-quality/data/processed/eac4/monthly/so2/2003/03_5966561f057f_b9a8ef797b63692a.nc,5966561f057fdc230899a0692a4b082886630a7ce433db52e1be69d31829a75f
co,2003,4,ready,/home/paulo/Documentos/meus_codigos/cams/cams-global-air-quality/data/processed/eac4/monthly/co/2003/04_b9505c74e407_be4852052fca2331.nc,b9505c74e4078c39491781ff8d5af7aae4276d95cf512ea63d1cdac7968ec439
no2,2003,4,ready,/home/paulo/Documentos/meus_codigos/cams/cams-global-air-quality/data/processed/eac4/monthly/no2/2003/04_6a4199a104a1_b03329b2a1b29a3a.nc,6a4199a104a1c99bddb5549f53c6a61e2b61378db36e92933c369145b413a63a
o3,2003,4,ready,/home/paulo/Documentos/meus_codigos/cams/cams-global-air-quality/data/processed/eac4/monthly/o3/2003/04_aeedd72a6910_3a7d961ce425c92c.nc,aeedd72a6910f657ee8b2d34dc8ad069f29a4616e9c5075b675bbaf162b358b5
pm10,2003,4,ready,/home/paulo/Documentos/meus_codigos/cams/cams-global-air-quality/data/processed/eac4/monthly/pm10/2003/04_79c2808159ce_3896df9f789d1813.nc,79c2808159ce1f1315d99c9b518a02f4b9e11be0aeb8fe772a616e3aa8042a7e
pm25,2003,4,ready,/home/paulo/Documentos/meus_codigos/cams/cams-global-air-quality/data/processed/eac4/monthly/pm25/2003/04_e407d657ba30_46e4a6285d2b7a83.nc,e407d657ba305f8ff839623b17804b5c4907d247cc7bea77374605229be62175
so2,2003,4,ready,/home/paulo/Documentos/meus_codigos/cams/cams-global-air-quality/data/processed/eac4/monthly/so2/2003/04_cd5fb0d15d8f_3c6d87a234d4c036.nc,cd5fb0d15d8f07748a1a3af288b7e311651b9c63956d8995db8313eef225096d
co,2003,5,ready,/home/paulo/Documentos/meus_codigos/cams/cams-global-air-quality/data/processed/eac4/monthly/co/2003/05_1f995c01442b_f33250012b64c7a9.nc,1f995c01442b28a7879c6b534a8d24bf9fbff0bbb31edea25a195d374824bf1d
no2,2003,5,ready,/home/paulo/Documentos/meus_codigos/cams/cams-global-air-quality/data/processed/eac4/monthly/no2/2003/05_95901df47889_3d4ea131b5f2c08f.nc,95901df47889a74830b288adb51ffdbc5ec4e88e3def87d062df0d910c8a3223
o3,2003,5,ready,/home/paulo/Documentos/meus_codigos/cams/cams-global-air-quality/data/processed/eac4/monthly/o3/2003/05_23503a8009e1_8cb2b792b90792f8.nc,23503a8009e13485d19beb63d48a7273b1bbb5654b7baf61e807bc22d49ede5c
pm10,2003,5,ready,/home/paulo/Documentos/meus_codigos/cams/cams-global-air-quality/data/processed/eac4/monthly/pm10/2003/05_4d8e9f3ccc91_22022f10b0dfd726.nc,4d8e9f3ccc9114c552445b7d74bc1b059eb7a5239b43af097818ad0b5221c581
pm25,2003,5,ready,/home/paulo/Documentos/meus_codigos/cams/cams-global-air-quality/data/processed/eac4/monthly/pm25/2003/05_63bf28a79660_d77e62707a7c8608.nc,63bf28a79660b17a0cfc4c8ccc9763cde0e2a4d8155069dea62d43048cbce506
so2,2003,5,ready,/home/paulo/Documentos/meus_codigos/cams/cams-global-air-quality/data/processed/eac4/monthly/so2/2003/05_1b8b22daeb24_c9c9bd9e376b1b50.nc,1b8b22daeb241b8238ae830baa4db9a8784dd76c4f5c3f3bef6080e6c0335178
co,2003,6,ready,/home/paulo/Documentos/meus_codigos/cams/cams-global-air-quality/data/processed/eac4/monthly/co/2003/06_ac9560f174a5_c87ff1e604c2b3f5.nc,ac9560f174a5a713fa01e809b77a46ff971ad771d9399348a01e0678f377eb6b
no2,2003,6,ready,/home/paulo/Documentos/meus_codigos/cams/cams-global-air-quality/data/processed/eac4/monthly/no2/2003/06_a73c8069089c_addfa1476c2f52f0.nc,a73c8069089ce57184c70ed7536f147fb5d41c985814013991a224a110b66daa
o3,2003,6,ready,/home/paulo/Documentos/meus_codigos/cams/cams-global-air-quality/data/processed/eac4/monthly/o3/2003/06_d774f469a6df_71fdbe81c91efa58.nc,d774f469a6dfa5358417a0abef035908eac00f89f80484176a6569e75545721a
pm10,2003,6,ready,/home/paulo/Documentos/meus_codigos/cams/cams-global-air-quality/data/processed/eac4/monthly/pm10/2003/06_a3fed9b01d90_dd90706d4de39d20.nc,a3fed9b01d90878069b30dff7b4d75e5440fa68657ff58d01d25ecacbdd1d349
pm25,2003,6,ready,/home/paulo/Documentos/meus_codigos/cams/cams-global-air-quality/data/processed/eac4/monthly/pm25/2003/06_82a2a64b082b_4637fd4ec48a0367.nc,82a2a64b082b1029c29198571971be5104c7fae106986fd8a82b073af332882f
so2,2003,6,ready,/home/paulo/Documentos/meus_codigos/cams/cams-global-air-quality/data/processed/eac4/monthly/so2/2003/06_e757ff31995a_abaaa2c4520a11d9.nc,e757ff31995ae107faac7251cd44d60114e1632a2abcc065cbd69ac973f2c2a7
co,2003,7,ready,/home/paulo/Documentos/meus_codigos/cams/cams-global-air-quality/data/processed/eac4/monthly/co/2003/07_79d34605492c_6c0205eb1025c8fd.nc,79d34605492c3793006aeb99c48cb3bc81b99286fd027d6576365ef0831eca5c
no2,2003,7,ready,/home/paulo/Documentos/meus_codigos/cams/cams-global-air-quality/data/processed/eac4/monthly/no2/2003/07_be2353c4a49d_65458351eda50566.nc,be2353c4a49d4ca9516fa8976f8683056c2d6aef68f68362cc7a8bda6430fcdc
o3,2003,7,ready,/home/paulo/Documentos/meus_codigos/cams/cams-global-air-quality/data/processed/eac4/monthly/o3/2003/07_10ec6772b7c7_dc7be9f82d8b24a5.nc,10ec6772b7c74946baccb943607be9d36461aa012d1b094a2da2c51aef8c0213
pm10,2003,7,ready,/home/paulo/Documentos/meus_codigos/cams/cams-global-air-quality/data/processed/eac4/monthly/pm10/2003/07_db89b54b6427_b8636aec24e9b87e.nc,db89b54b642777352812d0736784f7a425ca52e5237f47c742522e7ecafd0967
pm25,2003,7,ready,/home/paulo/Documentos/meus_codigos/cams/cams-global-air-quality/data/processed/eac4/monthly/pm25/2003/07_87257012094e_4d210a03964ccefa.nc,87257012094e6d62e3b0e8a98df15dd57df92def8c02cd248ee778cd9d65ea08
so2,2003,7,ready,/home/paulo/Documentos/meus_codigos/cams/cams-global-air-quality/data/processed/eac4/monthly/so2/2003/07_d480cd6b332f_7aa23a43006dbd71.nc,d480cd6b332f38c807525915d82097c0bcb73815c5f34e326804c51e88b88246
co,2003,8,ready,/home/paulo/Documentos/meus_codigos/cams/cams-global-air-quality/data/processed/eac4/monthly/co/2003/08_a51ba20bb097_b12a26503f8bd869.nc,a51ba20bb0979805dc3a6924311f81d2cd4e6aaa86686664313ef95760030730
no2,2003,8,ready,/home/paulo/Documentos/meus_codigos/cams/cams-global-air-quality/data/processed/eac4/monthly/no2/2003/08_a8c3120c3e15_900e3f7eced4012a.nc,a8c3120c3e15f79f0e8b947779fa791f98d7db1b46d53c131804f0c73f37a942
o3,2003,8,ready,/home/paulo/Documentos/meus_codigos/cams/cams-global-air-quality/data/processed/eac4/monthly/o3/2003/08_c9cbae1ee561_260b15666694e067.nc,c9cbae1ee56142b53257d0692cdf964df7480658907abad68b33957a2fa4f125
pm10,2003,8,ready,/home/paulo/Documentos/meus_codigos/cams/cams-global-air-quality/data/processed/eac4/monthly/pm10/2003/08_ce7a8454e03f_07c9f2fe0095d8e4.nc,ce7a8454e03ff6f7ba80608375fbe2d774874d627c8cd80e67675fdeb4a12e6b
pm25,2003,8,ready,/home/paulo/Documentos/meus_codigos/cams/cams-global-air-quality/data/processed/eac4/monthly/pm25/2003/08_91b2763ef229_2a24a91cf238e89e.nc,91b2763ef2294c29da0a9732a72f659c04eca0084aef28fc97da5defbbc3dfac
so2,2003,8,ready,/home/paulo/Documentos/meus_codigos/cams/cams-global-air-quality/data/processed/eac4/monthly/so2/2003/08_14ad3f5004a7_fbc734430839d3e9.nc,14ad3f5004a7c4cf6bfe30f5753dec8c03acaaf005509aad60396a23260a034c
co,2003,9,ready,/home/paulo/Documentos/meus_codigos/cams/cams-global-air-quality/data/processed/eac4/monthly/co/2003/09_aab791f9098f_110316983f2a4775.nc,aab791f9098faa2372f46c47a2c557dece43cce9f397498d0c021b04dc611834
no2,2003,9,ready,/home/paulo/Documentos/meus_codigos/cams/cams-global-air-quality/data/processed/eac4/monthly/no2/2003/09_ad7adb21d0d0_a94fb05197db4a63.nc,ad7adb21d0d0a4a75905f991de331080c2f8b6ab596e06aa69df62caae09daf1
o3,2003,9,ready,/home/paulo/Documentos/meus_codigos/cams/cams-global-air-quality/data/processed/eac4/monthly/o3/2003/09_ef05ee629799_c46c757482304f84.nc,ef05ee629799b41bc8215fce8f503a3563dae17dcf3a22899e415afa931ad9d1
pm10,2003,9,ready,/home/paulo/Documentos/meus_codigos/cams/cams-global-air-quality/data/processed/eac4/monthly/pm10/2003/09_7520f65e603c_dbe0a4b85a09f75c.nc,7520f65e603c8eb2aec94b23469e448952f6a67b98fb7bba0be65dc4f1602830
pm25,2003,9,ready,/home/paulo/Documentos/meus_codigos/cams/cams-global-air-quality/data/processed/eac4/monthly/pm25/2003/09_ff260314a46f_2736fb6af1ad903f.nc,ff260314a46fca44c696a3809a4e8ca28482c1ad6d192ba237559e4e79b49350
so2,2003,9,ready,/home/paulo/Documentos/meus_codigos/cams/cams-global-air-quality/data/processed/eac4/monthly/so2/2003/09_2a148da03852_0a188c7fa57955fb.nc,2a148da03852086527e7c05480a7ffcfd3f2ce1ed1cf3f606de80883f71a64f6
co,2003,10,ready,/home/paulo/Documentos/meus_codigos/cams/cams-global-air-quality/data/processed/eac4/monthly/co/2003/10_ca18fe2404c0_4c226fc16107a786.nc,ca18fe2404c0b2fdf7875c7f6443fb20f6a78a7caef9a922d9c39278e1aed2f2
no2,2003,10,ready,/home/paulo/Documentos/meus_codigos/cams/cams-global-air-quality/data/processed/eac4/monthly/no2/2003/10_8c5ceb1f764d_20736105764c02b2.nc,8c5ceb1f764dd5fd022688b1f58ddceccf60af9125b307cd36d66400d2fea387
o3,2003,10,ready,/home/paulo/Documentos/meus_codigos/cams/cams-global-air-quality/data/processed/eac4/monthly/o3/2003/10_eca593c90bf0_91a273b4ed17dadb.nc,eca593c90bf0ff02497500db5207afa2cd1f9220b920144c0d5735fcca44cfa3
pm10,2003,10,ready,/home/paulo/Documentos/meus_codigos/cams/cams-global-air-quality/data/processed/eac4/monthly/pm10/2003/10_dd30cae660c4_03cd9001be6ea14e.nc,dd30cae660c4e5756560c472b94d33954c425b64eb2988e795e105d57bd008e8
pm25,2003,10,ready,/home/paulo/Documentos/meus_codigos/cams/cams-global-air-quality/data/processed/eac4/monthly/pm25/2003/10_56b1c3dc6dc1_c8ae4ed06d7ab97a.nc,56b1c3dc6dc18b0ee67cd2708183eef038c3a7180705d96a6bf352dad43a4363
so2,2003,10,ready,/home/paulo/Documentos/meus_codigos/cams/cams-global-air-quality/data/processed/eac4/monthly/so2/2003/10_40b30e723ab8_685836b75e7f2156.nc,40b30e723ab8cebedb7ec9b49a1e0c60173ca2ea0597e6506770603641669e2e
co,2003,11,ready,/home/paulo/Documentos/meus_codigos/cams/cams-global-air-quality/data/processed/eac4/monthly/co/2003/11_67a5a2244109_a01ff98cd0ebbe78.nc,67a5a2244109a1840f868b61b9fb0cea8ffb42b3f49d90731bd1a77c21613b57
no2,2003,11,ready,/home/paulo/Documentos/meus_codigos/cams/cams-global-air-quality/data/processed/eac4/monthly/no2/2003/11_bc6237a0b74a_08621b2669c8b72d.nc,bc6237a0b74a0acb9f9f3da3021e1d3b56d43a5042779f4e01974fb80d0854d6
o3,2003,11,ready,/home/paulo/Documentos/meus_codigos/cams/cams-global-air-quality/data/processed/eac4/monthly/o3/2003/11_fd455c4d7a02_94e271e704deb777.nc,fd455c4d7a0275ac924a053c6fe7c4cb9c1228c26fa704d84328b65b9e0b98a1
pm10,2003,11,ready,/home/paulo/Documentos/meus_codigos/cams/cams-global-air-quality/data/processed/eac4/monthly/pm10/2003/11_2444f1db9774_04a83e94debf66fb.nc,2444f1db977402fdd16811364086b27e6ecfd71263d4a2f1246b4980f2f1353d
pm25,2003,11,ready,/home/paulo/Documentos/meus_codigos/cams/cams-global-air-quality/data/processed/eac4/monthly/pm25/2003/11_1ef7df2a4afd_3109470bde948495.nc,1ef7df2a4afd8d101359bfad717849bdc2b1f7136491839b49e4c7d04c4e9c8a
so2,2003,11,ready,/home/paulo/Documentos/meus_codigos/cams/cams-global-air-quality/data/processed/eac4/monthly/so2/2003/11_8ef659653888_d8e43cfd5814eeb4.nc,8ef659653888173be97445b218e6d85978ed384530eb6d77d07553eff00bdf64
co,2003,12,ready,/home/paulo/Documentos/meus_codigos/cams/cams-global-air-quality/data/processed/eac4/monthly/co/2003/12_a90caf9644f1_0edf9d7b752002ee.nc,a90caf9644f13a8a83670808565c6003a740252b4370596ff750d42f4775569d
no2,2003,12,ready,/home/paulo/Documentos/meus_codigos/cams/cams-global-air-quality/data/processed/eac4/monthly/no2/2003/12_33ca1ec28efd_4124c772c3ebcd64.nc,33ca1ec28efdaf47ea0d2cfe9ff2c7262eed8faaae3847bea2f7fae49602e097
o3,2003,12,ready,/home/paulo/Documentos/meus_codigos/cams/cams-global-air-quality/data/processed/eac4/monthly/o3/2003/12_b1db05099c53_cc1d3c75923d4e0f.nc,b1db05099c53ca3e5dca52d245c037f2a836e03300f91eb6204fe80d2126f4a6
pm10,2003,12,ready,/home/paulo/Documentos/meus_codigos/cams/cams-global-air-quality/data/processed/eac4/monthly/pm10/2003/12_9ab398015eb3_cedf03b4278870d0.nc,9ab398015eb35d1aea09eaeb3deffb5742b975e4fbf3ecbf7208c69e384ebe8b
pm25,2003,12,ready,/home/paulo/Documentos/meus_codigos/cams/cams-global-air-quality/data/processed/eac4/monthly/pm25/2003/12_3fe503decb18_16c855cba59e1e5d.nc,3fe503decb18b9c26249945b69fe2fad8b8bc2cba711086bb7ad34df2e0a303b
so2,2003,12,ready,/home/paulo/Documentos/meus_codigos/cams/cams-global-air-quality/data/processed/eac4/monthly/so2/2003/12_ef607b6960f7_c5abe56698e96b94.nc,ef607b6960f7dc1edc1813c0283dd9f32130ded2017b44868442025d830f0e84
co,2004,1,failed,/home/paulo/Documentos/meus_codigos/cams/cams-global-air-quality/data/processed/eac4/monthly/co/2004/01_56664f643b70_2c490718445b2ff4.nc,56664f643b70aa1a066f16d0ef99040cfb7ce682bf0d1b547b68a3fc76e9f3f6
no2,2004,1,failed,/home/paulo/Documentos/meus_codigos/cams/cams-global-air-quality/data/processed/eac4/monthly/no2/2004/01_20e60f725728_151dc9d537bb3f88.nc,20e60f725728aa655a49ee90397a6f71b1ecc24283f20521eb175912194e0b94
o3,2004,1,failed,,1e114b3bef7df1f92eeb47ac2cec0971fd0c317594e4998b35872ed8c84418f1
